{
    "__comment": "Model generated using MrCrayfish's Model Creator (http://mrcrayfish.com/modelcreator/)",
    "textures": {
        "0": "blocks/door_wood_lower",
        "1": "blocks/wool_colored_brown",
        "2": "blocks/wool_colored_lime",
        "3": "blocks/wool_colored_red",
        "4": "blocks/wool_colored_yellow"
    },
    "elements": [
        {
            "name": "Cube",
            "from": [ 1.0, 0.0, -1.0 ], 
            "to": [ 15.0, 3.0, 2.0 ], 
            "faces": {
                "north": { "texture": "#0", "uv": [ 0.0, 7.0, 16.0, 9.0 ] },
                "east": { "texture": "#0", "uv": [ 0.0, 5.0, 10.0, 14.0 ] },
                "south": { "texture": "#0", "uv": [ 16.0, 4.0, -8.0, 8.0 ] },
                "west": { "texture": "#0", "uv": [ 0.0, 1.0, 5.0, 3.0 ] },
                "up": { "texture": "#0", "uv": [ 9.0, 2.0, 12.0, 7.0 ] },
                "down": { "texture": "#0", "uv": [ 13.0, 1.0, 16.0, 5.0 ] }
            }
        },
        {
            "name": "Cube",
            "from": [ -2.0, 3.0, 15.0 ], 
            "to": [ 1.0, 0.0, 1.0 ], 
            "faces": {
                "north": { "texture": "#0", "uv": [ 12.0, 8.0, 16.0, 5.0 ] },
                "east": { "texture": "#0", "uv": [ 15.0, 9.0, 1.0, 6.0 ] },
                "south": { "texture": "#0", "uv": [ 6.0, 12.0, 13.0, 4.0 ] },
                "west": { "texture": "#0", "uv": [ 16.0, 11.0, 1.0, 7.0 ] },
                "up": { "texture": "#0", "uv": [ 6.0, 15.0, 11.0, 4.0 ] },
                "down": { "texture": "#0", "uv": [ 7.0, 14.0, 11.0, 4.0 ] }
            }
        },
        {
            "name": "Cube",
            "from": [ 14.0, 3.0, 1.0 ], 
            "to": [ 17.0, 6.0, 15.0 ], 
            "faces": {
                "north": { "texture": "#1", "uv": [ 0.0, 0.0, 3.0, 3.0 ] },
                "east": { "texture": "#1", "uv": [ 0.0, 0.0, 14.0, 3.0 ] },
                "south": { "texture": "#1", "uv": [ 0.0, 0.0, 3.0, 3.0 ] },
                "west": { "texture": "#1", "uv": [ 0.0, 0.0, 14.0, 3.0 ] },
                "up": { "texture": "#1", "uv": [ 0.0, 0.0, 3.0, 14.0 ] },
                "down": { "texture": "#1", "uv": [ 0.0, 0.0, 3.0, 14.0 ] }
            }
        },
        {
            "name": "Cube",
            "from": [ -1.0, 6.0, 1.0 ], 
            "to": [ 17.0, 9.0, 15.0 ], 
            "faces": {
                "north": { "texture": "#2", "uv": [ 0.0, 0.0, 13.0, 7.0 ] },
                "east": { "texture": "#2", "uv": [ 0.0, 0.0, 14.0, 3.0 ] },
                "south": { "texture": "#2", "uv": [ 0.0, 0.0, 14.0, 3.0 ] },
                "west": { "texture": "#2", "uv": [ 0.0, 0.0, 14.0, 3.0 ] },
                "up": { "texture": "#2", "uv": [ 0.0, 3.0, 14.0, 12.0 ] },
                "down": { "texture": "#2", "uv": [ 0.0, 0.0, 15.0, 6.0 ] }
            }
        },
        {
            "name": "Cube",
            "from": [ 1.0, 3.0, 14.0 ], 
            "to": [ 14.0, 6.0, 16.0 ], 
            "faces": {
                "north": { "texture": "#1", "uv": [ 0.0, 0.0, 13.0, 3.0 ] },
                "east": { "texture": "#1", "uv": [ 0.0, 0.0, 1.0, 3.0 ] },
                "south": { "texture": "#1", "uv": [ 0.0, 0.0, 11.0, 1.0 ] },
                "west": { "texture": "#1", "uv": [ 0.0, 0.0, 5.0, 5.0 ] },
                "up": { "texture": "#1", "uv": [ 0.0, 0.0, 13.0, 18.0 ] },
                "down": { "texture": "#1", "uv": [ 0.0, 0.0, 13.0, 18.0 ] }
            }
        },
        {
            "name": "Cube",
            "from": [ -1.0, 3.0, 1.0 ], 
            "to": [ 1.0, 6.0, 15.0 ], 
            "faces": {
                "north": { "texture": "#1", "uv": [ 0.0, 0.0, 2.0, 3.0 ] },
                "east": { "texture": "#1", "uv": [ 0.0, 0.0, 14.0, 3.0 ] },
                "south": { "texture": "#1", "uv": [ 0.0, 0.0, 2.0, 3.0 ] },
                "west": { "texture": "#1", "uv": [ 0.0, 0.0, 14.0, 3.0 ] },
                "up": { "texture": "#1", "uv": [ 0.0, 0.0, 2.0, 14.0 ] },
                "down": { "texture": "#1", "uv": [ 0.0, 0.0, 2.0, 14.0 ] }
            }
        },
        {
            "name": "Cube",
            "from": [ 4.0, 5.0, 17.0 ], 
            "to": [ 8.0, 7.0, 18.0 ], 
            "faces": {
                "north": { "texture": "#2", "uv": [ 0.0, 0.0, 4.0, 2.0 ] },
                "east": { "texture": "#2", "uv": [ 0.0, 0.0, 1.0, 2.0 ] },
                "south": { "texture": "#2", "uv": [ 0.0, 0.0, 4.0, 2.0 ] },
                "west": { "texture": "#2", "uv": [ 0.0, 0.0, 1.0, 2.0 ] },
                "up": { "texture": "#2", "uv": [ 0.0, 0.0, 4.0, 1.0 ] },
                "down": { "texture": "#2", "uv": [ 0.0, 0.0, 4.0, 1.0 ] }
            }
        },
        {
            "name": "Cube",
            "from": [ 17.0, 5.0, 8.0 ], 
            "to": [ 18.0, 8.0, 13.0 ], 
            "faces": {
                "north": { "texture": "#2", "uv": [ 16.0, 9.0, 1.0, 8.0 ] },
                "east": { "texture": "#2", "uv": [ 9.0, 2.0, 5.0, 5.0 ] },
                "south": { "texture": "#2", "uv": [ 0.0, 0.0, 1.0, 3.0 ] },
                "west": { "texture": "#2", "uv": [ 6.0, 5.0, 11.0, 8.0 ] },
                "up": { "texture": "#2", "uv": [ 1.0, 2.0, 2.0, 7.0 ] },
                "down": { "texture": "#2", "uv": [ 0.0, 0.0, 1.0, 5.0 ] }
            }
        },
        {
            "name": "Cube",
            "from": [ 17.0, 4.0, 3.0 ], 
            "to": [ 18.0, 7.0, 5.0 ], 
            "faces": {
                "north": { "texture": "#2", "uv": [ 0.0, 0.0, 1.0, 3.0 ] },
                "east": { "texture": "#2", "uv": [ 0.0, 0.0, 2.0, 3.0 ] },
                "south": { "texture": "#2", "uv": [ 0.0, 0.0, 1.0, 3.0 ] },
                "west": { "texture": "#2", "uv": [ 0.0, 0.0, 2.0, 3.0 ] },
                "up": { "texture": "#2", "uv": [ 0.0, 0.0, 1.0, 2.0 ] },
                "down": { "texture": "#2", "uv": [ 0.0, 0.0, 1.0, 2.0 ] }
            }
        },
        {
            "name": "Cube",
            "from": [ -2.0, 5.0, 3.0 ], 
            "to": [ -1.0, 8.0, 13.0 ], 
            "faces": {
                "north": { "texture": "#2", "uv": [ 0.0, 0.0, 1.0, 3.0 ] },
                "east": { "texture": "#2", "uv": [ 0.0, 0.0, 10.0, 3.0 ] },
                "south": { "texture": "#2", "uv": [ 0.0, 0.0, 1.0, 3.0 ] },
                "west": { "texture": "#2", "uv": [ 0.0, 0.0, 10.0, 3.0 ] },
                "up": { "texture": "#2", "uv": [ 0.0, 0.0, 1.0, 10.0 ] },
                "down": { "texture": "#2", "uv": [ 0.0, 0.0, 1.0, 10.0 ] }
            }
        },
        {
            "name": "Cube",
            "from": [ 9.0, 5.0, -2.0 ], 
            "to": [ 11.0, 7.0, -1.0 ], 
            "faces": {
                "north": { "texture": "#2", "uv": [ 0.0, 0.0, 2.0, 2.0 ] },
                "east": { "texture": "#2", "uv": [ 0.0, 0.0, 1.0, 2.0 ] },
                "south": { "texture": "#2", "uv": [ 0.0, 0.0, 2.0, 2.0 ] },
                "west": { "texture": "#2", "uv": [ 0.0, 0.0, 1.0, 2.0 ] },
                "up": { "texture": "#2", "uv": [ 0.0, 0.0, 2.0, 1.0 ] },
                "down": { "texture": "#2", "uv": [ 0.0, 0.0, 2.0, 1.0 ] }
            }
        },
        {
            "name": "Cube",
            "from": [ 1.0, 6.0, -1.0 ], 
            "to": [ 15.0, 9.0, 1.0 ], 
            "faces": {
                "north": { "texture": "#2", "uv": [ 2.0, 3.0, 16.0, 6.0 ] },
                "east": { "texture": "#2", "uv": [ 8.0, 6.0, 10.0, 9.0 ] },
                "south": { "texture": "#2", "uv": [ 2.0, 2.0, 16.0, 5.0 ] },
                "west": { "texture": "#2", "uv": [ 2.0, 4.0, 4.0, 7.0 ] },
                "up": { "texture": "#2", "uv": [ 1.0, 1.0, 15.0, 3.0 ] },
                "down": { "texture": "#2", "uv": [ 1.0, 2.0, 15.0, 4.0 ] }
            }
        },
        {
            "name": "Cube",
            "from": [ 1.0, 6.0, 15.0 ], 
            "to": [ 14.0, 9.0, 17.0 ], 
            "faces": {
                "north": { "texture": "#2", "uv": [ 0.0, 0.0, 13.0, 3.0 ] },
                "east": { "texture": "#2", "uv": [ 0.0, 0.0, 2.0, 3.0 ] },
                "south": { "texture": "#2", "uv": [ 0.0, 0.0, 13.0, 3.0 ] },
                "west": { "texture": "#2", "uv": [ 0.0, 0.0, 2.0, 3.0 ] },
                "up": { "texture": "#2", "uv": [ 0.0, 0.0, 13.0, 2.0 ] },
                "down": { "texture": "#2", "uv": [ 0.0, 0.0, 13.0, 2.0 ] }
            }
        },
        {
            "name": "Cube",
            "from": [ -1.0, 11.0, -1.0 ], 
            "to": [ 17.0, 12.0, 17.0 ], 
            "faces": {
                "north": { "texture": "#3", "uv": [ 0.0, 0.0, 16.0, 1.0 ] },
                "east": { "texture": "#3", "uv": [ 0.0, 0.0, 16.0, 1.0 ] },
                "south": { "texture": "#3", "uv": [ 0.0, 0.0, 16.0, 1.0 ] },
                "west": { "texture": "#3", "uv": [ 0.0, 0.0, 16.0, 1.0 ] },
                "up": { "texture": "#3", "uv": [ 0.0, 0.0, 16.0, 16.0 ] },
                "down": { "texture": "#3", "uv": [ 0.0, 0.0, 16.0, 16.0 ] }
            }
        },
        {
            "name": "Cube",
            "from": [ 1.0, 15.0, 0.0 ], 
            "to": [ 15.0, 18.0, 15.0 ], 
            "faces": {
                "north": { "texture": "#0", "uv": [ 0.0, 5.0, 14.0, 8.0 ] },
                "east": { "texture": "#0", "uv": [ 0.0, 5.0, 15.0, 8.0 ] },
                "south": { "texture": "#0", "uv": [ 2.0, 7.0, 16.0, 10.0 ] },
                "west": { "texture": "#0", "uv": [ 0.0, 7.0, 15.0, 10.0 ] },
                "up": { "texture": "#0", "uv": [ 0.0, 0.0, 14.0, 15.0 ] },
                "down": { "texture": "#0", "uv": [ 0.0, 0.0, 14.0, 15.0 ] }
            }
        },
        {
            "name": "Cube",
            "from": [ 15.0, 12.0, -1.0 ], 
            "to": [ 18.0, 15.0, 16.0 ], 
            "faces": {
                "north": { "texture": "#0", "uv": [ 11.0, 7.0, 14.0, 10.0 ] },
                "east": { "texture": "#0", "uv": [ 1.0, 8.0, 18.0, 11.0 ] },
                "south": { "texture": "#0", "uv": [ 6.0, 5.0, 9.0, 8.0 ] },
                "west": { "texture": "#0", "uv": [ 0.0, 5.0, 16.0, 8.0 ] },
                "up": { "texture": "#0", "uv": [ 6.0, 0.0, 9.0, 16.0 ] },
                "down": { "texture": "#0", "uv": [ 6.0, 0.0, 9.0, 16.0 ] }
            }
        },
        {
            "name": "Cube",
            "from": [ -2.0, 12.0, -1.0 ], 
            "to": [ 1.0, 15.0, 17.0 ], 
            "faces": {
                "north": { "texture": "#0", "uv": [ 11.0, 7.0, 14.0, 10.0 ] },
                "east": { "texture": "#0", "uv": [ 1.0, 6.0, 19.0, 9.0 ] },
                "south": { "texture": "#0", "uv": [ 6.0, 5.0, 9.0, 8.0 ] },
                "west": { "texture": "#0", "uv": [ 1.0, 5.0, 19.0, 8.0 ] },
                "up": { "texture": "#0", "uv": [ 6.0, 0.0, 9.0, 18.0 ] },
                "down": { "texture": "#0", "uv": [ 6.0, 0.0, 9.0, 18.0 ] }
            }
        },
        {
            "name": "Cube",
            "from": [ 1.0, 12.0, -4.0 ], 
            "to": [ 15.0, 15.0, 19.0 ], 
            "faces": {
                "north": { "texture": "#0", "uv": [ 0.0, 5.0, 14.0, 8.0 ] },
                "east": { "texture": "#0", "uv": [ 0.0, 5.0, 13.0, 8.0 ] },
                "south": { "texture": "#0", "uv": [ 2.0, 5.0, 16.0, 8.0 ] },
                "west": { "texture": "#0", "uv": [ 0.0, 5.0, 16.0, 2.0 ] },
                "up": { "texture": "#0", "uv": [ 0.0, 0.0, 12.0, 16.0 ] },
                "down": { "texture": "#0", "uv": [ 0.0, 0.0, 14.0, 16.0 ] }
            }
        },
        {
            "name": "Cube",
            "from": [ 15.0, 0.0, 15.0 ], 
            "to": [ 16.0, 3.0, 16.0 ], 
            "faces": {
                "north": { "texture": "#0", "uv": [ 13.0, 3.0, 14.0, 6.0 ] },
                "east": { "texture": "#0", "uv": [ 11.0, 3.0, 12.0, 6.0 ] },
                "south": { "texture": "#0", "uv": [ 7.0, 6.0, 8.0, 9.0 ] },
                "west": { "texture": "#0", "uv": [ 7.0, 3.0, 8.0, 6.0 ] },
                "up": { "texture": "#0", "uv": [ 5.0, 5.0, 6.0, 6.0 ] },
                "down": { "texture": "#0", "uv": [ 8.0, 1.0, 9.0, 2.0 ] }
            }
        },
        {
            "name": "Cube",
            "from": [ 0.0, 0.0, 0.0 ], 
            "to": [ 1.0, 3.0, 1.0 ], 
            "faces": {
                "north": { "texture": "#0", "uv": [ 13.0, 3.0, 14.0, 6.0 ] },
                "east": { "texture": "#0", "uv": [ 11.0, 3.0, 12.0, 6.0 ] },
                "south": { "texture": "#0", "uv": [ 7.0, 6.0, 8.0, 9.0 ] },
                "west": { "texture": "#0", "uv": [ 7.0, 3.0, 8.0, 6.0 ] },
                "up": { "texture": "#0", "uv": [ 5.0, 5.0, 6.0, 6.0 ] },
                "down": { "texture": "#0", "uv": [ 8.0, 1.0, 9.0, 2.0 ] }
            }
        },
        {
            "name": "Cube",
            "from": [ 0.0, 0.0, 15.0 ], 
            "to": [ 1.0, 3.0, 16.0 ], 
            "faces": {
                "north": { "texture": "#0", "uv": [ 13.0, 3.0, 14.0, 6.0 ] },
                "east": { "texture": "#0", "uv": [ 11.0, 3.0, 12.0, 6.0 ] },
                "south": { "texture": "#0", "uv": [ 7.0, 6.0, 8.0, 9.0 ] },
                "west": { "texture": "#0", "uv": [ 7.0, 3.0, 8.0, 6.0 ] },
                "up": { "texture": "#0", "uv": [ 5.0, 5.0, 6.0, 6.0 ] },
                "down": { "texture": "#0", "uv": [ 8.0, 1.0, 9.0, 2.0 ] }
            }
        },
        {
            "name": "Cube",
            "from": [ 15.0, 0.0, 0.0 ], 
            "to": [ 16.0, 3.0, 1.0 ], 
            "faces": {
                "north": { "texture": "#0", "uv": [ 13.0, 3.0, 14.0, 6.0 ] },
                "east": { "texture": "#0", "uv": [ 11.0, 3.0, 12.0, 6.0 ] },
                "south": { "texture": "#0", "uv": [ 7.0, 6.0, 8.0, 9.0 ] },
                "west": { "texture": "#0", "uv": [ 7.0, 3.0, 8.0, 6.0 ] },
                "up": { "texture": "#0", "uv": [ 5.0, 5.0, 6.0, 6.0 ] },
                "down": { "texture": "#0", "uv": [ 8.0, 1.0, 9.0, 2.0 ] }
            }
        },
        {
            "name": "Cube",
            "from": [ 1.0, 3.0, 0.0 ], 
            "to": [ 14.0, 6.0, 2.0 ], 
            "faces": {
                "north": { "texture": "#1", "uv": [ 0.0, 0.0, 13.0, 3.0 ] },
                "east": { "texture": "#1", "uv": [ 0.0, 0.0, 1.0, 3.0 ] },
                "south": { "texture": "#1", "uv": [ 0.0, 0.0, 11.0, 1.0 ] },
                "west": { "texture": "#1", "uv": [ 0.0, 0.0, 5.0, 5.0 ] },
                "up": { "texture": "#1", "uv": [ 0.0, 0.0, 13.0, 18.0 ] },
                "down": { "texture": "#1", "uv": [ 0.0, 0.0, 13.0, 18.0 ] }
            }
        },
        {
            "name": "Cube",
            "from": [ 15.0, 0.0, 1.0 ], 
            "to": [ 18.0, 3.0, 15.0 ], 
            "faces": {
                "north": { "texture": "#0", "uv": [ 14.0, 2.0, 17.0, 5.0 ] },
                "east": { "texture": "#0", "uv": [ 3.0, 5.0, 17.0, 8.0 ] },
                "south": { "texture": "#0", "uv": [ 10.0, 3.0, 13.0, 6.0 ] },
                "west": { "texture": "#0", "uv": [ 3.0, 6.0, 17.0, 9.0 ] },
                "up": { "texture": "#0", "uv": [ 9.0, 2.0, 12.0, 16.0 ] },
                "down": { "texture": "#0", "uv": [ 13.0, 1.0, 16.0, 15.0 ] }
            }
        },
        {
            "name": "Cube",
            "from": [ 1.0, 0.0, 15.0 ], 
            "to": [ 15.0, 3.0, 18.0 ], 
            "faces": {
                "north": { "texture": "#0", "uv": [ 7.0, 8.0, 10.0, 11.0 ] },
                "east": { "texture": "#0", "uv": [ 3.0, 6.0, 6.0, 9.0 ] },
                "south": { "texture": "#0", "uv": [ 16.0, 6.0, 2.0, 9.0 ] },
                "west": { "texture": "#0", "uv": [ 0.0, 1.0, 3.0, 4.0 ] },
                "up": { "texture": "#0", "uv": [ 9.0, 2.0, 12.0, 7.0 ] },
                "down": { "texture": "#0", "uv": [ 13.0, 1.0, 16.0, 5.0 ] }
            }
        },
        {
            "name": "Cube",
            "from": [ -2.0, 9.0, -2.0 ], 
            "to": [ 18.0, 11.0, 18.0 ], 
            "faces": {
                "north": { "texture": "#4", "uv": [ 0.0, 5.0, 16.0, 7.0 ] },
                "east": { "texture": "#4", "uv": [ 0.0, 1.0, 16.0, 3.0 ] },
                "south": { "texture": "#4", "uv": [ 0.0, 8.0, 16.0, 6.0 ] },
                "west": { "texture": "#4", "uv": [ 0.0, 0.0, 16.0, 2.0 ] },
                "up": { "texture": "#4", "uv": [ 1.0, 14.0, 16.0, 4.0 ] },
                "down": { "texture": "#4", "uv": [ 0.0, 3.0, 14.0, 5.0 ] }
            }
        }
    ]
}