{
    "__comment": "Model generated using MrCrayfish's Model Creator (http://mrcrayfish.com/modelcreator/)",
    "textures": {
        "0": "blocks/wool_colored_green",
        "1": "blocks/wool_colored_white",
        "2": "blocks/wool_colored_black",
        "3": "blocks/redstone_block"
    },
    "elements": [
        {
            "name": "Cube",
            "from": [ 5.0, 3.0, -3.0 ], 
            "to": [ 11.0, 4.0, 3.0 ], 
            "faces": {
                "north": { "texture": "#0", "uv": [ 0.0, 0.0, 6.0, 1.0 ] },
                "east": { "texture": "#0", "uv": [ 0.0, 0.0, 6.0, 1.0 ] },
                "south": { "texture": "#0", "uv": [ 0.0, 0.0, 6.0, 1.0 ] },
                "west": { "texture": "#0", "uv": [ 0.0, 0.0, 6.0, 1.0 ] },
                "up": { "texture": "#0", "uv": [ 0.0, 0.0, 6.0, 6.0 ] },
                "down": { "texture": "#0", "uv": [ 0.0, 0.0, 6.0, 6.0 ] }
            }
        },
        {
            "name": "Cube",
            "from": [ 10.0, 3.0, -2.0 ], 
            "to": [ 6.0, 4.0, -3.0 ], 
            "faces": {
                "north": { "texture": "#0", "uv": [ 0.0, 0.0, -4.0, 1.0 ] },
                "east": { "texture": "#0", "uv": [ 0.0, 0.0, -1.0, 1.0 ] },
                "south": { "texture": "#0", "uv": [ 0.0, 0.0, -4.0, 1.0 ] },
                "west": { "texture": "#0", "uv": [ 0.0, 0.0, -1.0, 1.0 ] },
                "up": { "texture": "#0", "uv": [ 0.0, 0.0, -4.0, -1.0 ] },
                "down": { "texture": "#0", "uv": [ 0.0, 0.0, -4.0, -1.0 ] }
            }
        },
        {
            "name": "Cube",
            "from": [ 2.0, 2.0, 3.0 ], 
            "to": [ 14.0, 13.0, 14.0 ], 
            "faces": {
                "north": { "texture": "#0", "uv": [ 0.0, 0.0, 14.0, 15.0 ] },
                "east": { "texture": "#0", "uv": [ 0.0, 0.0, 16.0, 16.0 ] },
                "south": { "texture": "#0", "uv": [ 0.0, 0.0, 15.0, 16.0 ] },
                "west": { "texture": "#0", "uv": [ 0.0, 0.0, 16.0, 16.0 ] },
                "up": { "texture": "#0", "uv": [ 0.0, 0.0, 14.0, 16.0 ] },
                "down": { "texture": "#0", "uv": [ 0.0, 0.0, 15.0, 16.0 ] }
            }
        },
        {
            "name": "Cube",
            "from": [ 5.0, 5.0, -2.0 ], 
            "to": [ 11.0, 6.0, 4.0 ], 
            "faces": {
                "north": { "texture": "#0", "uv": [ 0.0, 0.0, 6.0, 1.0 ] },
                "east": { "texture": "#0", "uv": [ 0.0, 0.0, 6.0, 1.0 ] },
                "south": { "texture": "#0", "uv": [ 0.0, 0.0, 6.0, 1.0 ] },
                "west": { "texture": "#0", "uv": [ 0.0, 0.0, 6.0, 1.0 ] },
                "up": { "texture": "#0", "uv": [ 0.0, 0.0, 6.0, 6.0 ] },
                "down": { "texture": "#0", "uv": [ 0.0, 0.0, 6.0, 6.0 ] }
            }
        },
        {
            "name": "Cube",
            "from": [ 6.0, 5.0, -3.0 ], 
            "to": [ 10.0, 6.0, -2.0 ], 
            "faces": {
                "north": { "texture": "#0", "uv": [ 0.0, 0.0, 4.0, 1.0 ] },
                "east": { "texture": "#0", "uv": [ 0.0, 0.0, 1.0, 1.0 ] },
                "south": { "texture": "#0", "uv": [ 0.0, 0.0, 4.0, 1.0 ] },
                "west": { "texture": "#0", "uv": [ 0.0, 0.0, 1.0, 1.0 ] },
                "up": { "texture": "#0", "uv": [ 0.0, 0.0, 4.0, 1.0 ] },
                "down": { "texture": "#0", "uv": [ 0.0, 0.0, 4.0, 1.0 ] }
            }
        },
        {
            "name": "Cube",
            "from": [ 10.0, 6.0, 1.0 ], 
            "to": [ 13.0, 9.0, 4.0 ], 
            "faces": {
                "north": { "texture": "#1", "uv": [ 0.0, 0.0, 3.0, 3.0 ] },
                "east": { "texture": "#1", "uv": [ 0.0, 0.0, 3.0, 3.0 ] },
                "south": { "texture": "#1", "uv": [ 0.0, 0.0, 3.0, 3.0 ] },
                "west": { "texture": "#1", "uv": [ 0.0, 0.0, 3.0, 3.0 ] },
                "up": { "texture": "#1", "uv": [ 0.0, 0.0, 3.0, 3.0 ] },
                "down": { "texture": "#1", "uv": [ 0.0, 0.0, 3.0, 3.0 ] }
            }
        },
        {
            "name": "Cube",
            "from": [ 6.0, 4.0, -3.0 ], 
            "to": [ 7.0, 5.0, -2.0 ], 
            "faces": {
                "north": { "texture": "#1", "uv": [ 0.0, 0.0, 1.0, 1.0 ] },
                "east": { "texture": "#1", "uv": [ 0.0, 0.0, 1.0, 1.0 ] },
                "south": { "texture": "#1", "uv": [ 0.0, 0.0, 1.0, 1.0 ] },
                "west": { "texture": "#1", "uv": [ 0.0, 0.0, 1.0, 1.0 ] },
                "up": { "texture": "#1", "uv": [ 0.0, 0.0, 1.0, 1.0 ] },
                "down": { "texture": "#1", "uv": [ 0.0, 0.0, 1.0, 1.0 ] }
            }
        },
        {
            "name": "Cube",
            "from": [ 9.0, 4.0, -3.0 ], 
            "to": [ 10.0, 5.0, -2.0 ], 
            "faces": {
                "north": { "texture": "#1", "uv": [ 0.0, 0.0, 1.0, 1.0 ] },
                "east": { "texture": "#1", "uv": [ 0.0, 0.0, 1.0, 1.0 ] },
                "south": { "texture": "#1", "uv": [ 0.0, 0.0, 1.0, 1.0 ] },
                "west": { "texture": "#1", "uv": [ 0.0, 0.0, 1.0, 1.0 ] },
                "up": { "texture": "#1", "uv": [ 0.0, 0.0, 1.0, 1.0 ] },
                "down": { "texture": "#1", "uv": [ 0.0, 0.0, 1.0, 1.0 ] }
            }
        },
        {
            "name": "Cube",
            "from": [ 3.0, 6.0, 1.0 ], 
            "to": [ 6.0, 9.0, 4.0 ], 
            "faces": {
                "north": { "texture": "#1", "uv": [ 0.0, 0.0, 3.0, 3.0 ] },
                "east": { "texture": "#1", "uv": [ 0.0, 0.0, 3.0, 3.0 ] },
                "south": { "texture": "#1", "uv": [ 0.0, 0.0, 3.0, 3.0 ] },
                "west": { "texture": "#1", "uv": [ 0.0, 0.0, 3.0, 3.0 ] },
                "up": { "texture": "#1", "uv": [ 0.0, 0.0, 3.0, 3.0 ] },
                "down": { "texture": "#1", "uv": [ 0.0, 0.0, 3.0, 3.0 ] }
            }
        },
        {
            "name": "Cube",
            "from": [ 12.0, 7.0, 0.0 ], 
            "to": [ 13.0, 8.0, 1.0 ], 
            "faces": {
                "north": { "texture": "#2", "uv": [ 0.0, 0.0, 1.0, 1.0 ] },
                "east": { "texture": "#2", "uv": [ 0.0, 0.0, 1.0, 1.0 ] },
                "south": { "texture": "#2", "uv": [ 0.0, 0.0, 1.0, 1.0 ] },
                "west": { "texture": "#2", "uv": [ 0.0, 0.0, 1.0, 1.0 ] },
                "up": { "texture": "#2", "uv": [ 0.0, 0.0, 1.0, 1.0 ] },
                "down": { "texture": "#2", "uv": [ 0.0, 0.0, 1.0, 1.0 ] }
            }
        },
        {
            "name": "Cube",
            "from": [ 3.0, 7.0, 0.0 ], 
            "to": [ 4.0, 8.0, 1.0 ], 
            "faces": {
                "north": { "texture": "#2", "uv": [ 0.0, 0.0, 1.0, 1.0 ] },
                "east": { "texture": "#2", "uv": [ 0.0, 0.0, 1.0, 1.0 ] },
                "south": { "texture": "#2", "uv": [ 0.0, 0.0, 1.0, 1.0 ] },
                "west": { "texture": "#2", "uv": [ 0.0, 0.0, 1.0, 1.0 ] },
                "up": { "texture": "#2", "uv": [ 0.0, 0.0, 1.0, 1.0 ] },
                "down": { "texture": "#2", "uv": [ 0.0, 0.0, 1.0, 1.0 ] }
            }
        },
        {
            "name": "Cube",
            "from": [ 6.0, 4.0, 0.0 ], 
            "to": [ 10.0, 5.0, 3.0 ], 
            "faces": {
                "north": { "texture": "#3", "uv": [ 6.0, 7.0, 10.0, 8.0 ] },
                "east": { "texture": "#3", "uv": [ 6.0, 8.0, 9.0, 9.0 ] },
                "south": { "texture": "#3", "uv": [ 6.0, 7.0, 10.0, 8.0 ] },
                "west": { "texture": "#3", "uv": [ 5.0, 9.0, 8.0, 10.0 ] },
                "up": { "texture": "#3", "uv": [ 6.0, 9.0, 10.0, 12.0 ] },
                "down": { "texture": "#3", "uv": [ 6.0, 9.0, 10.0, 12.0 ] }
            }
        },
        {
            "name": "Cube",
            "from": [ 6.0, 3.0, 6.0 ], 
            "to": [ 10.0, 4.0, 7.0 ], 
            "rotation": { "origin": [ 8.0, 8.0, 8.0 ], "axis": "x", "angle": 45.0 },
            "faces": {
                "north": { "texture": "#0", "uv": [ 0.0, 0.0, 4.0, 1.0 ] },
                "east": { "texture": "#0", "uv": [ 0.0, 0.0, 1.0, 1.0 ] },
                "south": { "texture": "#0", "uv": [ 0.0, 0.0, 4.0, 1.0 ] },
                "west": { "texture": "#0", "uv": [ 0.0, 0.0, 1.0, 1.0 ] },
                "up": { "texture": "#0", "uv": [ 0.0, 0.0, 4.0, 1.0 ] },
                "down": { "texture": "#0", "uv": [ 0.0, 0.0, 4.0, 1.0 ] }
            }
        }
    ]
}