{
    "__comment": "Model generated using MrCrayfish's Model Creator (http://mrcrayfish.com/modelcreator/)",
    "textures": {
        "0": "blocks/wool_colored_brown",
        "1": "blocks/pumpkin_face_on",
        "2": "blocks/wool_colored_gray"
    },
    "elements": [
        {
            "name": "Cube",
            "from": [ 0.0, 0.0, 3.0 ], 
            "to": [ 1.0, 12.0, 15.0 ], 
            "faces": {
                "north": { "texture": "#0", "uv": [ 0.0, 0.0, 1.0, 8.0 ] },
                "east": { "texture": "#0", "uv": [ 0.0, 0.0, 8.0, 8.0 ] },
                "south": { "texture": "#0", "uv": [ 0.0, 0.0, 1.0, 8.0 ] },
                "west": { "texture": "#0", "uv": [ 0.0, 0.0, 8.0, 8.0 ] },
                "up": { "texture": "#0", "uv": [ 0.0, 0.0, 1.0, 8.0 ] },
                "down": { "texture": "#0", "uv": [ 0.0, 0.0, 1.0, 8.0 ] }
            }
        },
        {
            "name": "Cube",
            "from": [ 15.0, 0.0, 3.0 ], 
            "to": [ 16.0, 12.0, 15.0 ], 
            "faces": {
                "north": { "texture": "#0", "uv": [ 0.0, 0.0, 1.0, 8.0 ] },
                "east": { "texture": "#0", "uv": [ 8.0, 7.0, 16.0, 15.0 ] },
                "south": { "texture": "#0", "uv": [ 0.0, 0.0, 1.0, 8.0 ] },
                "west": { "texture": "#0", "uv": [ 0.0, 0.0, 8.0, 8.0 ] },
                "up": { "texture": "#0", "uv": [ 0.0, 0.0, 1.0, 8.0 ] },
                "down": { "texture": "#0", "uv": [ 0.0, 0.0, 1.0, 8.0 ] }
            }
        },
        {
            "name": "Cube",
            "from": [ 1.0, 0.0, 3.0 ], 
            "to": [ 15.0, 1.0, 15.0 ], 
            "faces": {
                "north": { "texture": "#0", "uv": [ 0.0, 0.0, 10.0, 1.0 ] },
                "east": { "texture": "#0", "uv": [ 0.0, 0.0, 8.0, 1.0 ] },
                "south": { "texture": "#0", "uv": [ 0.0, 0.0, 10.0, 1.0 ] },
                "west": { "texture": "#0", "uv": [ 0.0, 0.0, 8.0, 1.0 ] },
                "up": { "texture": "#0", "uv": [ 0.0, 0.0, 10.0, 8.0 ] },
                "down": { "texture": "#0", "uv": [ 0.0, 0.0, 10.0, 8.0 ] }
            }
        },
        {
            "name": "Cube",
            "from": [ 1.0, 11.0, 3.0 ], 
            "to": [ 16.0, 12.0, 15.0 ], 
            "faces": {
                "north": { "texture": "#0", "uv": [ 0.0, 0.0, 12.0, 1.0 ] },
                "east": { "texture": "#0", "uv": [ 0.0, 0.0, 8.0, 1.0 ] },
                "south": { "texture": "#0", "uv": [ 0.0, 0.0, 12.0, 1.0 ] },
                "west": { "texture": "#0", "uv": [ 0.0, 0.0, 8.0, 1.0 ] },
                "up": { "texture": "#0", "uv": [ 0.0, 0.0, 12.0, 8.0 ] },
                "down": { "texture": "#0", "uv": [ 0.0, 0.0, 12.0, 8.0 ] }
            }
        },
        {
            "name": "Cube",
            "from": [ 0.0, 0.0, 15.0 ], 
            "to": [ 16.0, 12.0, 16.0 ], 
            "faces": {
                "north": { "texture": "#0", "uv": [ 0.0, 0.0, 12.0, 9.0 ] },
                "east": { "texture": "#0", "uv": [ 0.0, 0.0, 1.0, 9.0 ] },
                "south": { "texture": "#0", "uv": [ 0.0, 0.0, 12.0, 9.0 ] },
                "west": { "texture": "#0", "uv": [ 0.0, 0.0, 1.0, 9.0 ] },
                "up": { "texture": "#0", "uv": [ 0.0, 0.0, 12.0, 1.0 ] },
                "down": { "texture": "#0", "uv": [ 0.0, 0.0, 12.0, 1.0 ] }
            }
        },
        {
            "name": "Cube",
            "from": [ 1.0, 1.0, 4.0 ], 
            "to": [ 15.0, 11.0, 5.0 ], 
            "faces": {
                "north": { "texture": "#1", "uv": [ 0.0, 1.0, 16.0, 16.0 ] },
                "east": { "texture": "#1", "uv": [ 0.0, 0.0, 1.0, 7.0 ] },
                "south": { "texture": "#1", "uv": [ 0.0, 0.0, 10.0, 7.0 ] },
                "west": { "texture": "#1", "uv": [ 0.0, 0.0, 1.0, 7.0 ] },
                "up": { "texture": "#1", "uv": [ 0.0, 0.0, 10.0, 1.0 ] },
                "down": { "texture": "#1", "uv": [ 0.0, 0.0, 10.0, 1.0 ] }
            }
        },
        {
            "name": "Cube",
            "from": [ 8.0, 12.0, 6.0 ], 
            "to": [ 9.0, 13.0, 7.0 ], 
            "faces": {
                "north": { "texture": "#2", "uv": [ 0.0, 0.0, 1.0, 1.0 ] },
                "east": { "texture": "#2", "uv": [ 0.0, 0.0, 1.0, 1.0 ] },
                "south": { "texture": "#2", "uv": [ 0.0, 0.0, 1.0, 1.0 ] },
                "west": { "texture": "#2", "uv": [ 0.0, 0.0, 1.0, 1.0 ] },
                "up": { "texture": "#2", "uv": [ 0.0, 0.0, 1.0, 1.0 ] },
                "down": { "texture": "#2", "uv": [ 0.0, 0.0, 1.0, 1.0 ] }
            }
        },
        {
            "name": "Cube",
            "from": [ 7.0, 13.0, 6.0 ], 
            "to": [ 8.0, 14.0, 7.0 ], 
            "faces": {
                "north": { "texture": "#2", "uv": [ 0.0, 0.0, 1.0, 1.0 ] },
                "east": { "texture": "#2", "uv": [ 0.0, 0.0, 1.0, 1.0 ] },
                "south": { "texture": "#2", "uv": [ 0.0, 0.0, 1.0, 1.0 ] },
                "west": { "texture": "#2", "uv": [ 0.0, 0.0, 1.0, 1.0 ] },
                "up": { "texture": "#2", "uv": [ 0.0, 0.0, 1.0, 1.0 ] },
                "down": { "texture": "#2", "uv": [ 0.0, 0.0, 1.0, 1.0 ] }
            }
        },
        {
            "name": "Cube",
            "from": [ 6.0, 14.0, 6.0 ], 
            "to": [ 7.0, 15.0, 7.0 ], 
            "faces": {
                "north": { "texture": "#2", "uv": [ 0.0, 0.0, 1.0, 1.0 ] },
                "east": { "texture": "#2", "uv": [ 0.0, 0.0, 1.0, 1.0 ] },
                "south": { "texture": "#2", "uv": [ 0.0, 0.0, 1.0, 1.0 ] },
                "west": { "texture": "#2", "uv": [ 0.0, 0.0, 1.0, 1.0 ] },
                "up": { "texture": "#2", "uv": [ 0.0, 0.0, 1.0, 1.0 ] },
                "down": { "texture": "#2", "uv": [ 0.0, 0.0, 1.0, 1.0 ] }
            }
        },
        {
            "name": "Cube",
            "from": [ 5.0, 14.0, 6.0 ], 
            "to": [ 6.0, 15.0, 7.0 ], 
            "faces": {
                "north": { "texture": "#2", "uv": [ 0.0, 0.0, 1.0, 1.0 ] },
                "east": { "texture": "#2", "uv": [ 0.0, 0.0, 1.0, 1.0 ] },
                "south": { "texture": "#2", "uv": [ 0.0, 0.0, 1.0, 1.0 ] },
                "west": { "texture": "#2", "uv": [ 0.0, 0.0, 1.0, 1.0 ] },
                "up": { "texture": "#2", "uv": [ 0.0, 0.0, 1.0, 1.0 ] },
                "down": { "texture": "#2", "uv": [ 0.0, 0.0, 1.0, 1.0 ] }
            }
        },
        {
            "name": "Cube",
            "from": [ 9.0, 13.0, 6.0 ], 
            "to": [ 10.0, 14.0, 7.0 ], 
            "faces": {
                "north": { "texture": "#2", "uv": [ 0.0, 0.0, 1.0, 1.0 ] },
                "east": { "texture": "#2", "uv": [ 0.0, 0.0, 1.0, 1.0 ] },
                "south": { "texture": "#2", "uv": [ 0.0, 0.0, 1.0, 1.0 ] },
                "west": { "texture": "#2", "uv": [ 0.0, 0.0, 1.0, 1.0 ] },
                "up": { "texture": "#2", "uv": [ 0.0, 0.0, 1.0, 1.0 ] },
                "down": { "texture": "#2", "uv": [ 0.0, 0.0, 1.0, 1.0 ] }
            }
        }
    ]
}