{
    "__comment": "Model generated using MrCrayfish's Model Creator (http://mrcrayfish.com/modelcreator/)",
    "textures": {
        "particle": "blocks/blocks/tnt_side",
        "0": "blocks/wool_colored_green",
        "1": "blocks/repeater_on",
        "2": "blocks/hardened_clay_stained_yellow",
        "3": "blocks/tnt_side",
        "4": "blocks/iron_block"
    },
    "elements": [
        {
            "name": "Cube",
            "from": [ 3.0, 0.0, 13.0 ], 
            "to": [ 13.0, 19.0, 14.0 ], 
            "faces": {
                "north": { "texture": "#0", "uv": [ 0.0, 0.0, 10.0, 19.0 ] },
                "east": { "texture": "#0", "uv": [ 0.0, 0.0, 1.0, 19.0 ] },
                "south": { "texture": "#0", "uv": [ 0.0, 0.0, 10.0, 19.0 ] },
                "west": { "texture": "#0", "uv": [ 0.0, 0.0, 1.0, 19.0 ] },
                "up": { "texture": "#0", "uv": [ 0.0, 0.0, 10.0, 1.0 ] },
                "down": { "texture": "#0", "uv": [ 0.0, 0.0, 10.0, 1.0 ] }
            }
        },
        {
            "name": "Cube",
            "from": [ 13.0, 0.0, 3.0 ], 
            "to": [ 14.0, 19.0, 13.0 ], 
            "faces": {
                "north": { "texture": "#0", "uv": [ 0.0, 0.0, 1.0, 19.0 ] },
                "east": { "texture": "#0", "uv": [ 0.0, 0.0, 10.0, 19.0 ] },
                "south": { "texture": "#0", "uv": [ 0.0, 0.0, 1.0, 19.0 ] },
                "west": { "texture": "#0", "uv": [ 0.0, 0.0, 10.0, 19.0 ] },
                "up": { "texture": "#0", "uv": [ 0.0, 0.0, 1.0, 10.0 ] },
                "down": { "texture": "#0", "uv": [ 0.0, 0.0, 1.0, 10.0 ] }
            }
        },
        {
            "name": "Cube",
            "from": [ 2.0, 0.0, 3.0 ], 
            "to": [ 3.0, 19.0, 13.0 ], 
            "faces": {
                "north": { "texture": "#0", "uv": [ 0.0, 0.0, 1.0, 19.0 ] },
                "east": { "texture": "#0", "uv": [ 0.0, 0.0, 10.0, 19.0 ] },
                "south": { "texture": "#0", "uv": [ 0.0, 0.0, 1.0, 19.0 ] },
                "west": { "texture": "#0", "uv": [ 0.0, 0.0, 10.0, 19.0 ] },
                "up": { "texture": "#0", "uv": [ 0.0, 0.0, 1.0, 10.0 ] },
                "down": { "texture": "#0", "uv": [ 0.0, 0.0, 1.0, 10.0 ] }
            }
        },
        {
            "name": "Cube",
            "from": [ 3.0, 0.0, 2.0 ], 
            "to": [ 13.0, 19.0, 3.0 ], 
            "faces": {
                "north": { "texture": "#0", "uv": [ 0.0, 0.0, 10.0, 19.0 ] },
                "east": { "texture": "#0", "uv": [ 0.0, 0.0, 1.0, 19.0 ] },
                "south": { "texture": "#0", "uv": [ 0.0, 0.0, 10.0, 19.0 ] },
                "west": { "texture": "#0", "uv": [ 0.0, 0.0, 1.0, 19.0 ] },
                "up": { "texture": "#0", "uv": [ 0.0, 0.0, 10.0, 1.0 ] },
                "down": { "texture": "#0", "uv": [ 0.0, 0.0, 10.0, 1.0 ] }
            }
        },
        {
            "name": "Cube",
            "from": [ 3.0, 18.0, 3.0 ], 
            "to": [ 13.0, 19.0, 13.0 ], 
            "faces": {
                "north": { "texture": "#1", "uv": [ 0.0, 0.0, 10.0, 1.0 ] },
                "east": { "texture": "#1", "uv": [ 0.0, 0.0, 10.0, 1.0 ] },
                "south": { "texture": "#1", "uv": [ 0.0, 0.0, 10.0, 1.0 ] },
                "west": { "texture": "#1", "uv": [ 0.0, 0.0, 10.0, 1.0 ] },
                "up": { "texture": "#1", "uv": [ 3.0, 5.0, 13.0, 15.0 ] },
                "down": { "texture": "#1", "uv": [ 0.0, 0.0, 10.0, 10.0 ] }
            }
        },
        {
            "name": "Cube",
            "from": [ 12.0, 8.0, 15.0 ], 
            "to": [ 4.0, 15.0, 14.0 ], 
            "faces": {
                "north": { "texture": "#2", "uv": [ 0.0, 0.0, -8.0, 7.0 ] },
                "east": { "texture": "#2", "uv": [ 0.0, 0.0, -1.0, 7.0 ] },
                "south": { "texture": "#2", "uv": [ 0.0, 0.0, -8.0, 7.0 ] },
                "west": { "texture": "#2", "uv": [ 0.0, 0.0, -1.0, 7.0 ] },
                "up": { "texture": "#2", "uv": [ 0.0, 0.0, -8.0, -1.0 ] },
                "down": { "texture": "#2", "uv": [ 0.0, 0.0, -8.0, -1.0 ] }
            }
        },
        {
            "name": "Cube",
            "from": [ 12.0, 8.0, 2.0 ], 
            "to": [ 4.0, 15.0, 1.0 ], 
            "faces": {
                "north": { "texture": "#2", "uv": [ 0.0, 0.0, -8.0, 7.0 ] },
                "east": { "texture": "#2", "uv": [ 0.0, 0.0, -1.0, 7.0 ] },
                "south": { "texture": "#2", "uv": [ 0.0, 0.0, -8.0, 7.0 ] },
                "west": { "texture": "#2", "uv": [ 0.0, 0.0, -1.0, 7.0 ] },
                "up": { "texture": "#2", "uv": [ 0.0, 0.0, -8.0, -1.0 ] },
                "down": { "texture": "#2", "uv": [ 0.0, 0.0, -8.0, -1.0 ] }
            }
        },
        {
            "name": "Cube",
            "from": [ 5.0, 9.0, 15.0 ], 
            "to": [ 11.0, 14.0, 16.0 ], 
            "faces": {
                "north": { "texture": "#3", "uv": [ 0.0, 0.0, 16.0, 16.0 ] },
                "east": { "texture": "#3", "uv": [ 0.0, 0.0, 1.0, 16.0 ] },
                "south": { "texture": "#3", "uv": [ 0.0, 0.0, 16.0, 16.0 ] },
                "west": { "texture": "#3", "uv": [ 1.0, 0.0, 0.0, 16.0 ] },
                "up": { "texture": "#3", "uv": [ 0.0, 13.0, 16.0, 14.0 ] },
                "down": { "texture": "#3", "uv": [ 0.0, 12.0, 16.0, 13.0 ] }
            }
        },
        {
            "name": "Cube",
            "from": [ 5.0, 9.0, 0.0 ], 
            "to": [ 11.0, 14.0, 1.0 ], 
            "faces": {
                "north": { "texture": "#3", "uv": [ 0.0, 0.0, 16.0, 16.0 ] },
                "east": { "texture": "#3", "uv": [ 0.0, 0.0, 1.0, 16.0 ] },
                "south": { "texture": "#3", "uv": [ 0.0, 0.0, 16.0, 16.0 ] },
                "west": { "texture": "#3", "uv": [ 1.0, 0.0, 0.0, 16.0 ] },
                "up": { "texture": "#3", "uv": [ 0.0, 13.0, 16.0, 14.0 ] },
                "down": { "texture": "#3", "uv": [ 0.0, 12.0, 16.0, 13.0 ] }
            }
        },
        {
            "name": "Cube",
            "from": [ 0.0, 0.0, 0.0 ], 
            "to": [ 16.0, 0.0, 16.0 ], 
            "faces": {
                "east": { "texture": "#4", "uv": [ 0.0, 0.0, 16.0, 0.0 ] },
                "south": { "texture": "#4", "uv": [ 0.0, 0.0, 16.0, 0.0 ] },
                "west": { "texture": "#4", "uv": [ 0.0, 0.0, 16.0, 0.0 ] },
                "up": { "texture": "#4", "uv": [ 0.0, 0.0, 16.0, 16.0 ] },
                "down": { "texture": "#4", "uv": [ 0.0, 0.0, 16.0, 16.0 ] }
            }
        }
    ]
}