{
    "__comment": "Model generated using MrCrayfish's Model Creator (http://mrcrayfish.com/modelcreator/)",
    "textures": {
        "0": "blocks/wool_colored_gray",
        "1": "blocks/wool_colored_silver",
        "2": "blocks/stone",
        "3": "blocks/gold_block"
    },
	
	"display": {
        "thirdperson": {
		    "scale": [1, 1, 1],
			"rotation": [30, 0, 180],
			"translation": [0, -1, -6]
        },
		"firstperson": {
            "scale": [3, 3, 3],
			"rotation": [10, -50, 0],
			"translation": [0, 10, -2]
		}
    },
	
    "elements": [
        {
            "name": "Cube",
            "from": [ 9.0, 0.0, 14.0 ], 
            "to": [ 8.0, 3.0, 12.0 ], 
            "faces": {
                "north": { "texture": "#0", "uv": [ 0.0, 0.0, -1.0, 3.0 ] },
                "east": { "texture": "#0", "uv": [ 0.0, 0.0, -2.0, 3.0 ] },
                "south": { "texture": "#0", "uv": [ 0.0, 0.0, -1.0, 3.0 ] },
                "west": { "texture": "#0", "uv": [ 0.0, 0.0, -2.0, 3.0 ] },
                "up": { "texture": "#0", "uv": [ 0.0, 0.0, -1.0, -2.0 ] },
                "down": { "texture": "#0", "uv": [ 0.0, 0.0, -1.0, -2.0 ] }
            }
        },
        {
            "name": "Cube",
            "from": [ 8.0, 3.0, 4.0 ], 
            "to": [ 9.0, 6.0, 15.0 ], 
            "faces": {
                "north": { "texture": "#1", "uv": [ 0.0, 0.0, 1.0, 3.0 ] },
                "east": { "texture": "#1", "uv": [ 0.0, 0.0, 11.0, 3.0 ] },
                "south": { "texture": "#1", "uv": [ 0.0, 0.0, 1.0, 3.0 ] },
                "west": { "texture": "#1", "uv": [ 0.0, 0.0, 11.0, 3.0 ] },
                "up": { "texture": "#1", "uv": [ 0.0, 0.0, 1.0, 11.0 ] },
                "down": { "texture": "#1", "uv": [ 0.0, 0.0, 1.0, 11.0 ] }
            }
        },
        {
            "name": "Cube",
            "from": [ 8.0, 3.0, 15.0 ], 
            "to": [ 9.0, 6.0, 16.0 ], 
            "faces": {
                "north": { "texture": "#2", "uv": [ 0.0, 13.0, 1.0, 16.0 ] },
                "east": { "texture": "#2", "uv": [ 0.0, 6.0, 1.0, 9.0 ] },
                "south": { "texture": "#2", "uv": [ 0.0, 0.0, 1.0, 3.0 ] },
                "west": { "texture": "#2", "uv": [ 4.0, 6.0, 5.0, 9.0 ] },
                "up": { "texture": "#2", "uv": [ 0.0, 0.0, 1.0, 1.0 ] },
                "down": { "texture": "#2", "uv": [ 0.0, 0.0, 1.0, 1.0 ] }
            }
        },
        {
            "name": "Cube",
            "from": [ 7.0, 3.0, 4.0 ], 
            "to": [ 8.0, 5.0, 15.0 ], 
            "faces": {
                "north": { "texture": "#3", "uv": [ 14.0, 14.0, 15.0, 16.0 ] },
                "east": { "texture": "#3", "uv": [ 5.0, 14.0, 16.0, 16.0 ] },
                "south": { "texture": "#3", "uv": [ 14.0, 14.0, 15.0, 16.0 ] },
                "west": { "texture": "#3", "uv": [ 5.0, 14.0, 16.0, 16.0 ] },
                "up": { "texture": "#3", "uv": [ 14.0, 5.0, 15.0, 16.0 ] },
                "down": { "texture": "#3", "uv": [ 15.0, 5.0, 16.0, 16.0 ] }
            }
        },
        {
            "name": "Cube",
            "from": [ 9.0, 3.0, 4.0 ], 
            "to": [ 10.0, 5.0, 15.0 ], 
            "faces": {
                "north": { "texture": "#3", "uv": [ 14.0, 14.0, 15.0, 16.0 ] },
                "east": { "texture": "#3", "uv": [ 5.0, 14.0, 16.0, 16.0 ] },
                "south": { "texture": "#3", "uv": [ 14.0, 12.0, 15.0, 14.0 ] },
                "west": { "texture": "#3", "uv": [ 5.0, 14.0, 16.0, 16.0 ] },
                "up": { "texture": "#3", "uv": [ 14.0, 5.0, 15.0, 16.0 ] },
                "down": { "texture": "#3", "uv": [ 15.0, 5.0, 16.0, 16.0 ] }
            }
        },
        {
            "name": "Cube",
            "from": [ 8.0, 3.0, 3.0 ], 
            "to": [ 9.0, 5.0, 4.0 ], 
            "faces": {
                "north": { "texture": "#1", "uv": [ 0.0, 0.0, 1.0, 2.0 ] },
                "east": { "texture": "#1", "uv": [ 0.0, 0.0, 1.0, 2.0 ] },
                "south": { "texture": "#1", "uv": [ 0.0, 0.0, 1.0, 2.0 ] },
                "west": { "texture": "#1", "uv": [ 0.0, 0.0, 1.0, 2.0 ] },
                "up": { "texture": "#1", "uv": [ 0.0, 0.0, 1.0, 1.0 ] },
                "down": { "texture": "#1", "uv": [ 0.0, 0.0, 1.0, 1.0 ] }
            }
        },
        {
            "name": "Cube",
            "from": [ 8.0, 2.0, 9.0 ], 
            "to": [ 9.0, 3.0, 10.0 ], 
            "faces": {
                "north": { "texture": "#2", "uv": [ 0.0, 0.0, 1.0, 1.0 ] },
                "east": { "texture": "#2", "uv": [ 0.0, 0.0, 1.0, 1.0 ] },
                "south": { "texture": "#2", "uv": [ 0.0, 0.0, 1.0, 1.0 ] },
                "west": { "texture": "#2", "uv": [ 0.0, 0.0, 1.0, 1.0 ] },
                "up": { "texture": "#2", "uv": [ 0.0, 0.0, 1.0, 1.0 ] },
                "down": { "texture": "#2", "uv": [ 0.0, 0.0, 1.0, 1.0 ] }
            }
        },
        {
            "name": "Cube",
            "from": [ 8.0, 1.0, 10.0 ], 
            "to": [ 9.0, 2.0, 11.0 ], 
            "faces": {
                "north": { "texture": "#2", "uv": [ 0.0, 0.0, 1.0, 1.0 ] },
                "east": { "texture": "#2", "uv": [ 0.0, 0.0, 1.0, 1.0 ] },
                "south": { "texture": "#2", "uv": [ 0.0, 0.0, 1.0, 1.0 ] },
                "west": { "texture": "#2", "uv": [ 0.0, 0.0, 1.0, 1.0 ] },
                "up": { "texture": "#2", "uv": [ 0.0, 0.0, 1.0, 1.0 ] },
                "down": { "texture": "#2", "uv": [ 0.0, 0.0, 1.0, 1.0 ] }
            }
        },
        {
            "name": "Cube",
            "from": [ 7.0, 0.0, 13.0 ], 
            "to": [ 8.0, 3.0, 14.0 ], 
            "faces": {
                "north": { "texture": "#0", "uv": [ 0.0, 0.0, 1.0, 3.0 ] },
                "east": { "texture": "#0", "uv": [ 0.0, 0.0, 1.0, 3.0 ] },
                "south": { "texture": "#0", "uv": [ 0.0, 0.0, 1.0, 3.0 ] },
                "west": { "texture": "#0", "uv": [ 0.0, 0.0, 1.0, 3.0 ] },
                "up": { "texture": "#0", "uv": [ 0.0, 0.0, 1.0, 1.0 ] },
                "down": { "texture": "#0", "uv": [ 0.0, 0.0, 1.0, 1.0 ] }
            }
        },
        {
            "name": "Cube",
            "from": [ 9.0, 0.0, 13.0 ], 
            "to": [ 10.0, 3.0, 14.0 ], 
            "faces": {
                "north": { "texture": "#0", "uv": [ 0.0, 0.0, 1.0, 3.0 ] },
                "east": { "texture": "#0", "uv": [ 0.0, 0.0, 1.0, 3.0 ] },
                "south": { "texture": "#0", "uv": [ 0.0, 0.0, 1.0, 3.0 ] },
                "west": { "texture": "#0", "uv": [ 0.0, 0.0, 1.0, 3.0 ] },
                "up": { "texture": "#0", "uv": [ 0.0, 0.0, 1.0, 1.0 ] },
                "down": { "texture": "#0", "uv": [ 0.0, 0.0, 1.0, 1.0 ] }
            }
        },
        {
            "name": "Cube",
            "from": [ 9.0, 0.0, 12.0 ], 
            "to": [ 10.0, 2.0, 13.0 ], 
            "faces": {
                "north": { "texture": "#0", "uv": [ 0.0, 0.0, 1.0, 2.0 ] },
                "east": { "texture": "#0", "uv": [ 0.0, 0.0, 1.0, 2.0 ] },
                "south": { "texture": "#0", "uv": [ 0.0, 0.0, 1.0, 2.0 ] },
                "west": { "texture": "#0", "uv": [ 0.0, 0.0, 1.0, 2.0 ] },
                "up": { "texture": "#0", "uv": [ 0.0, 0.0, 1.0, 1.0 ] },
                "down": { "texture": "#0", "uv": [ 0.0, 0.0, 1.0, 1.0 ] }
            }
        },
        {
            "name": "Cube",
            "from": [ 7.0, 0.0, 12.0 ], 
            "to": [ 8.0, 2.0, 13.0 ], 
            "faces": {
                "north": { "texture": "#0", "uv": [ 0.0, 0.0, 1.0, 2.0 ] },
                "east": { "texture": "#0", "uv": [ 0.0, 0.0, 1.0, 2.0 ] },
                "south": { "texture": "#0", "uv": [ 0.0, 0.0, 1.0, 2.0 ] },
                "west": { "texture": "#0", "uv": [ 0.0, 0.0, 1.0, 2.0 ] },
                "up": { "texture": "#0", "uv": [ 0.0, 0.0, 1.0, 1.0 ] },
                "down": { "texture": "#0", "uv": [ 0.0, 0.0, 1.0, 1.0 ] }
            }
        }
    ]
}