{
    "__comment": "Model generated using MrCrayfish's Model Creator (http://mrcrayfish.com/modelcreator/)",
    "textures": {
        "0": "blocks/pumpkin_side",
        "1": "blocks/wool_colored_green",
        "2": "blocks/wool_colored_gray"
    },
    "display": {
        "thirdperson": {
             "scale": [1, 1, 1],
             "rotation": [0, 0, 180],
             "translation": [0, -1, -4]
         },
        "firstperson": {
             "scale": [3, 3, 3],
             "rotation": [10, -50, 0],
             "translation": [0, 5, 0]
        }
    },
    "elements": [
        {
            "name": "Cube",
            "from": [ 8.0, 1.0, 3.0 ], 
            "to": [ 12.0, 5.0, 15.0 ], 
            "faces": {
                "north": { "texture": "#0", "uv": [ 0.0, 0.0, 4.0, 4.0 ] },
                "east": { "texture": "#1", "uv": [ 4.0, 7.0, 16.0, 11.0 ] },
                "south": { "texture": "#1", "uv": [ 3.0, 6.0, 7.0, 10.0 ] },
                "west": { "texture": "#1", "uv": [ 2.0, 2.0, 14.0, 6.0 ] },
                "up": { "texture": "#1", "uv": [ 5.0, 4.0, 9.0, 16.0 ] },
                "down": { "texture": "#1", "uv": [ 7.0, 4.0, 11.0, 16.0 ] }
            }
        },
        {
            "name": "Cube",
            "from": [ 7.0, 0.0, 0.0 ], 
            "to": [ 8.0, 6.0, 5.0 ], 
            "faces": {
                "north": { "texture": "#1", "uv": [ 0.0, 0.0, 1.0, 6.0 ] },
                "east": { "texture": "#1", "uv": [ 0.0, 0.0, 5.0, 6.0 ] },
                "south": { "texture": "#1", "uv": [ 0.0, 0.0, 1.0, 6.0 ] },
                "west": { "texture": "#1", "uv": [ 0.0, 0.0, 5.0, 6.0 ] },
                "up": { "texture": "#1", "uv": [ 0.0, 0.0, 1.0, 5.0 ] },
                "down": { "texture": "#1", "uv": [ 0.0, 0.0, 1.0, 5.0 ] }
            }
        },
        {
            "name": "Cube",
            "from": [ 8.0, 0.0, 0.0 ], 
            "to": [ 12.0, 1.0, 5.0 ], 
            "faces": {
                "north": { "texture": "#1", "uv": [ 0.0, 0.0, 4.0, 1.0 ] },
                "east": { "texture": "#1", "uv": [ 0.0, 0.0, 5.0, 1.0 ] },
                "south": { "texture": "#1", "uv": [ 0.0, 0.0, 4.0, 1.0 ] },
                "west": { "texture": "#1", "uv": [ 0.0, 0.0, 5.0, 1.0 ] },
                "up": { "texture": "#1", "uv": [ 0.0, 0.0, 4.0, 5.0 ] },
                "down": { "texture": "#1", "uv": [ 0.0, 0.0, 4.0, 5.0 ] }
            }
        },
        {
            "name": "Cube",
            "from": [ 12.0, 0.0, 0.0 ], 
            "to": [ 13.0, 5.0, 5.0 ], 
            "faces": {
                "north": { "texture": "#1", "uv": [ 0.0, 0.0, 1.0, 5.0 ] },
                "east": { "texture": "#1", "uv": [ 5.0, 7.0, 10.0, 12.0 ] },
                "south": { "texture": "#1", "uv": [ 2.0, 0.0, 3.0, 5.0 ] },
                "west": { "texture": "#1", "uv": [ 0.0, 0.0, 5.0, 5.0 ] },
                "up": { "texture": "#1", "uv": [ 0.0, 0.0, -28.0, 2.0 ] },
                "down": { "texture": "#1", "uv": [ 6.0, 6.0, 7.0, 11.0 ] }
            }
        },
        {
            "name": "Cube",
            "from": [ 8.0, 5.0, 0.0 ], 
            "to": [ 13.0, 6.0, 5.0 ], 
            "faces": {
                "north": { "texture": "#1", "uv": [ 0.0, 0.0, 5.0, 1.0 ] },
                "east": { "texture": "#1", "uv": [ 0.0, 0.0, 5.0, 1.0 ] },
                "south": { "texture": "#1", "uv": [ 0.0, 0.0, 5.0, 1.0 ] },
                "west": { "texture": "#1", "uv": [ 0.0, 0.0, -18.0, 0.0 ] },
                "up": { "texture": "#1", "uv": [ 0.0, 0.0, 5.0, 5.0 ] },
                "down": { "texture": "#1", "uv": [ 0.0, 0.0, 5.0, 5.0 ] }
            }
        },
        {
            "name": "Cube",
            "from": [ 8.0, 2.0, 2.0 ], 
            "to": [ 12.0, 3.0, 3.0 ], 
            "rotation": { "origin": [ 8.0, 8.0, 8.0 ], "axis": "x", "angle": -22.5 },
            "faces": {
                "north": { "texture": "#1", "uv": [ 0.0, 0.0, 4.0, 1.0 ] },
                "east": { "texture": "#1", "uv": [ 0.0, 0.0, 1.0, 1.0 ] },
                "south": { "texture": "#1", "uv": [ 0.0, 0.0, 4.0, 1.0 ] },
                "west": { "texture": "#1", "uv": [ 0.0, 0.0, 1.0, 1.0 ] },
                "up": { "texture": "#1", "uv": [ 0.0, 0.0, 4.0, 1.0 ] },
                "down": { "texture": "#1", "uv": [ 0.0, 0.0, 4.0, 1.0 ] }
            }
        },
        {
            "name": "Cube",
            "from": [ 8.0, 6.0, 4.0 ], 
            "to": [ 12.0, 7.0, 5.0 ], 
            "rotation": { "origin": [ 8.0, 8.0, 8.0 ], "axis": "x", "angle": -22.5 },
            "faces": {
                "north": { "texture": "#1", "uv": [ 0.0, 0.0, 4.0, 1.0 ] },
                "east": { "texture": "#1", "uv": [ 0.0, 0.0, 1.0, 1.0 ] },
                "south": { "texture": "#1", "uv": [ 0.0, 0.0, 4.0, 1.0 ] },
                "west": { "texture": "#1", "uv": [ 0.0, 0.0, 1.0, 1.0 ] },
                "up": { "texture": "#1", "uv": [ 0.0, 0.0, 4.0, 1.0 ] },
                "down": { "texture": "#1", "uv": [ 0.0, 0.0, 4.0, 1.0 ] }
            }
        },
        {
            "name": "Cube",
            "from": [ 7.0, 1.0, 5.0 ], 
            "to": [ 8.0, 5.0, 6.0 ], 
            "faces": {
                "north": { "texture": "#1", "uv": [ 0.0, 0.0, 1.0, 4.0 ] },
                "east": { "texture": "#1", "uv": [ 0.0, 0.0, 1.0, 4.0 ] },
                "south": { "texture": "#1", "uv": [ 0.0, 0.0, 1.0, 4.0 ] },
                "west": { "texture": "#1", "uv": [ 0.0, 0.0, 1.0, 4.0 ] },
                "up": { "texture": "#1", "uv": [ 0.0, 0.0, 1.0, 1.0 ] },
                "down": { "texture": "#1", "uv": [ 0.0, 0.0, 1.0, 1.0 ] }
            }
        },
        {
            "name": "Cube",
            "from": [ 12.0, 1.0, 5.0 ], 
            "to": [ 13.0, 5.0, 6.0 ], 
            "faces": {
                "north": { "texture": "#1", "uv": [ 0.0, 0.0, 1.0, 4.0 ] },
                "east": { "texture": "#1", "uv": [ 0.0, 0.0, 1.0, 4.0 ] },
                "south": { "texture": "#1", "uv": [ 0.0, 0.0, 1.0, 4.0 ] },
                "west": { "texture": "#1", "uv": [ 0.0, 0.0, 1.0, 4.0 ] },
                "up": { "texture": "#1", "uv": [ 0.0, 0.0, 1.0, 1.0 ] },
                "down": { "texture": "#1", "uv": [ 0.0, 0.0, 1.0, 1.0 ] }
            }
        },
        {
            "name": "Cube",
            "from": [ 11.0, 1.0, 10.0 ], 
            "to": [ 9.0, -1.0, 11.0 ], 
            "faces": {
                "north": { "texture": "#2", "uv": [ 0.0, 0.0, -2.0, -2.0 ] },
                "east": { "texture": "#2", "uv": [ 0.0, 0.0, 1.0, -2.0 ] },
                "south": { "texture": "#2", "uv": [ 0.0, 0.0, -2.0, -2.0 ] },
                "west": { "texture": "#2", "uv": [ 0.0, 0.0, 1.0, -2.0 ] },
                "up": { "texture": "#2", "uv": [ 0.0, 0.0, -2.0, 1.0 ] },
                "down": { "texture": "#2", "uv": [ 0.0, 0.0, -2.0, 1.0 ] }
            }
        }
    ]
}