{
    "__comment": "Model generated using MrCrayfish's Model Creator (http://mrcrayfish.com/modelcreator/)",
    "textures": {
        "0": "blocks/iron_block",
        "1": "blocks/planks_big_oak",
        "2": "blocks/redstone_block"
    },
	
    "display": {
        "thirdperson": {
		    "scale": [1, 1, 1],
			"rotation": [0, 0, 180],
			"translation": [0, -1, -4]
        },
		"firstperson": {
            "scale": [3, 3, 3],
			"rotation": [10, -50, 0],
			"translation": [0, 5, 0]
		}
    },
	
    "elements": [
        {
            "name": "Cube",
            "from": [ 7.0, 6.0, -3.0 ], 
            "to": [ 9.0, 7.0, 10.0 ], 
            "faces": {
                "north": { "texture": "#0", "uv": [ 8.0, 11.0, 10.0, 12.0 ] },
                "east": { "texture": "#0", "uv": [ 2.0, 11.0, 15.0, 12.0 ] },
                "south": { "texture": "#0", "uv": [ 1.0, 4.0, 3.0, 5.0 ] },
                "west": { "texture": "#0", "uv": [ 3.0, 13.0, 16.0, 14.0 ] },
                "up": { "texture": "#0", "uv": [ 8.0, 0.0, 10.0, 13.0 ] },
                "down": { "texture": "#0", "uv": [ 3.0, 1.0, 5.0, 14.0 ] }
            }
        },
        {
            "name": "Cube",
            "from": [ 7.0, 5.0, -3.0 ], 
            "to": [ 9.0, 6.0, 9.0 ], 
            "faces": {
                "north": { "texture": "#0", "uv": [ 13.0, 15.0, 15.0, 16.0 ] },
                "east": { "texture": "#0", "uv": [ 0.0, 0.0, 12.0, 1.0 ] },
                "south": { "texture": "#0", "uv": [ 9.0, 14.0, 11.0, 15.0 ] },
                "west": { "texture": "#0", "uv": [ 3.0, 15.0, 15.0, 16.0 ] },
                "up": { "texture": "#0", "uv": [ 5.0, 3.0, 7.0, 15.0 ] },
                "down": { "texture": "#0", "uv": [ 7.0, 2.0, 9.0, 14.0 ] }
            }
        },
        {
            "name": "Cube",
            "from": [ 7.0, 4.0, 3.0 ], 
            "to": [ 9.0, 5.0, 9.0 ], 
            "faces": {
                "north": { "texture": "#1", "uv": [ 12.0, 13.0, 14.0, 14.0 ] },
                "east": { "texture": "#1", "uv": [ 6.0, 4.0, 12.0, 5.0 ] },
                "south": { "texture": "#1", "uv": [ 9.0, 6.0, 11.0, 7.0 ] },
                "west": { "texture": "#1", "uv": [ 5.0, 9.0, 11.0, 10.0 ] },
                "up": { "texture": "#1", "uv": [ 7.0, 11.0, 9.0, 17.0 ] },
                "down": { "texture": "#1", "uv": [ 8.0, 7.0, 10.0, 13.0 ] }
            }
        },
        {
            "name": "Cube",
            "from": [ 6.0, 4.0, 3.0 ], 
            "to": [ 7.0, 6.0, 9.0 ], 
            "faces": {
                "north": { "texture": "#1", "uv": [ 2.0, 9.0, 3.0, 11.0 ] },
                "east": { "texture": "#1", "uv": [ 5.0, 6.0, 11.0, 8.0 ] },
                "south": { "texture": "#1", "uv": [ 12.0, 7.0, 13.0, 9.0 ] },
                "west": { "texture": "#1", "uv": [ 5.0, 4.0, 11.0, 6.0 ] },
                "up": { "texture": "#1", "uv": [ 4.0, 4.0, 5.0, 10.0 ] },
                "down": { "texture": "#1", "uv": [ 5.0, 5.0, 6.0, 11.0 ] }
            }
        },
        {
            "name": "Cube",
            "from": [ 9.0, 4.0, 3.0 ], 
            "to": [ 10.0, 6.0, 9.0 ], 
            "faces": {
                "north": { "texture": "#1", "uv": [ 12.0, 13.0, 13.0, 15.0 ] },
                "east": { "texture": "#1", "uv": [ 6.0, 4.0, 12.0, 6.0 ] },
                "south": { "texture": "#1", "uv": [ 9.0, 6.0, 10.0, 8.0 ] },
                "west": { "texture": "#1", "uv": [ 5.0, 9.0, 11.0, 11.0 ] },
                "up": { "texture": "#1", "uv": [ 7.0, 11.0, 8.0, 17.0 ] },
                "down": { "texture": "#1", "uv": [ 8.0, 7.0, 9.0, 13.0 ] }
            }
        },
        {
            "name": "Cube",
            "from": [ 5.0, 4.0, 7.0 ], 
            "to": [ 6.0, 6.0, 8.0 ], 
            "faces": {
                "north": { "texture": "#2", "uv": [ 11.0, 0.0, 12.0, 2.0 ] },
                "east": { "texture": "#2", "uv": [ 15.0, 0.0, 16.0, 2.0 ] },
                "south": { "texture": "#2", "uv": [ 2.0, 0.0, 3.0, 2.0 ] },
                "west": { "texture": "#2", "uv": [ 8.0, 0.0, 9.0, 2.0 ] },
                "up": { "texture": "#2", "uv": [ 6.0, 4.0, 7.0, 5.0 ] },
                "down": { "texture": "#2", "uv": [ 3.0, 4.0, 4.0, 5.0 ] }
            }
        },
        {
            "name": "Cube",
            "from": [ 5.0, 4.0, 5.0 ], 
            "to": [ 6.0, 6.0, 6.0 ], 
            "faces": {
                "north": { "texture": "#2", "uv": [ 11.0, 0.0, 12.0, 2.0 ] },
                "east": { "texture": "#2", "uv": [ 15.0, 0.0, 16.0, 2.0 ] },
                "south": { "texture": "#2", "uv": [ 2.0, 0.0, 3.0, 2.0 ] },
                "west": { "texture": "#2", "uv": [ 8.0, 0.0, 9.0, 2.0 ] },
                "up": { "texture": "#2", "uv": [ 6.0, 4.0, 7.0, 5.0 ] },
                "down": { "texture": "#2", "uv": [ 3.0, 4.0, 4.0, 5.0 ] }
            }
        },
        {
            "name": "Cube",
            "from": [ 7.0, 6.0, 13.0 ], 
            "to": [ 9.0, 9.0, 20.0 ], 
            "rotation": { "origin": [ 8.0, 8.0, 8.0 ], "axis": "x", "angle": 22.5 },
            "faces": {
                "north": { "texture": "#1", "uv": [ 9.0, 13.0, 11.0, 16.0 ], "rotation": 90 },
                "east": { "texture": "#1", "uv": [ 0.0, 0.0, 7.0, 3.0 ] },
                "south": { "texture": "#1", "uv": [ 0.0, 0.0, 2.0, 3.0 ] },
                "west": { "texture": "#1", "uv": [ 0.0, 0.0, 7.0, 3.0 ] },
                "up": { "texture": "#1", "uv": [ 0.0, 0.0, 2.0, 7.0 ] },
                "down": { "texture": "#1", "uv": [ 0.0, 0.0, 2.0, 7.0 ] }
            }
        },
        {
            "name": "Cube",
            "from": [ 7.0, 1.0, 10.0 ], 
            "to": [ 9.0, 7.0, 13.0 ], 
            "faces": {
                "north": { "texture": "#0", "uv": [ 14.0, 4.0, 16.0, 10.0 ] },
                "east": { "texture": "#0", "uv": [ 12.0, 7.0, 15.0, 13.0 ] },
                "south": { "texture": "#0", "uv": [ 14.0, 5.0, 16.0, 11.0 ] },
                "west": { "texture": "#0", "uv": [ 6.0, 4.0, 9.0, 10.0 ] },
                "up": { "texture": "#0", "uv": [ 14.0, 13.0, 16.0, 16.0 ] },
                "down": { "texture": "#0", "uv": [ 13.0, 11.0, 15.0, 14.0 ] }
            }
        },
        {
            "name": "Cube",
            "from": [ 6.0, 3.0, 9.0 ], 
            "to": [ 10.0, 6.0, 10.0 ], 
            "faces": {
                "north": { "texture": "#1", "uv": [ 0.0, 0.0, 4.0, 3.0 ] },
                "east": { "texture": "#1", "uv": [ 0.0, 0.0, 1.0, 3.0 ] },
                "south": { "texture": "#1", "uv": [ 0.0, 0.0, 4.0, 3.0 ] },
                "west": { "texture": "#1", "uv": [ 0.0, 0.0, 1.0, 3.0 ] },
                "up": { "texture": "#1", "uv": [ 0.0, 0.0, 4.0, 1.0 ] },
                "down": { "texture": "#1", "uv": [ 0.0, 0.0, 4.0, 1.0 ] }
            }
        }
    ]
}